Date,Sample.ID,Fragment.ID,Chamber.Channel,Position,Run,Site,Species,Sample.Type,Chamber.Vol.L,Surf.Area.cm2,Start time,Stop Time,Light_Dark,Light_Level,Light_Value,Notes,QC,
20191024,1-POR-1,1-POR-1,7,7,Run1,Site1,Porites,Coral,0.6,22.75,16:17,16:28,Dark,1,0,,,
20191024,1-ACR-1,1-ACR-1,8,8,Run1,Site1,Apulchra,Coral,0.616,23.65,16:17,16:28,Dark,1,0,,,
20191024,1-POC-1,1-POC-1,9,9,Run1,Site1,Pocillopora,Coral,0.604,53.73,16:17,16:28,Dark,1,0,,,
20191024,1-POC-2,1-POC-2,10,10,Run1,Site1,Pocillopora,Coral,0.61,43.57,16:17,16:28,Dark,1,0,,,
20191024,1-POR-2,1-POR-2,1,11,Run1,Site1,Porites,Coral,0.595,31.7,16:17,16:28,Dark,1,0,,,
20191024,1-ACR-2,1-ACR-2,2,12,Run1,Site1,Apulchra,Coral,0.61,22.79,16:17,16:28,Dark,1,0,,,
20191024,1-POR-1,1-POR-1,7,7,Run1,Site1,Porites,Coral,0.6,22.75,16:30,16:40,Light,2,25,,,
20191024,1-ACR-1,1-ACR-1,8,8,Run1,Site1,Apulchra,Coral,0.616,23.65,16:30,16:40,Light,2,25,,,
20191024,1-POC-1,1-POC-1,9,9,Run1,Site1,Pocillopora,Coral,0.604,53.73,16:30,16:40,Light,2,25,,,
20191024,1-POC-2,1-POC-2,10,10,Run1,Site1,Pocillopora,Coral,0.61,43.57,16:30,16:40,Light,2,25,,,
20191024,1-POR-2,1-POR-2,1,11,Run1,Site1,Porites,Coral,0.595,31.7,16:30,16:40,Light,2,25,,,
20191024,1-ACR-2,1-ACR-2,2,12,Run1,Site1,Apulchra,Coral,0.61,22.79,16:30,16:40,Light,2,25,,,
20191024,1-POR-1,1-POR-1,7,7,Run1,Site1,Porites,Coral,0.6,22.75,16:42,16:55,Light,3,45,,,
20191024,1-ACR-1,1-ACR-1,8,8,Run1,Site1,Apulchra,Coral,0.616,23.65,16:42,16:55,Light,3,45,,,
20191024,1-POC-1,1-POC-1,9,9,Run1,Site1,Pocillopora,Coral,0.604,53.73,16:42,16:55,Light,3,45,,,
20191024,1-POC-2,1-POC-2,10,10,Run1,Site1,Pocillopora,Coral,0.61,43.57,16:42,16:55,Light,3,45,,,
20191024,1-POR-2,1-POR-2,1,11,Run1,Site1,Porites,Coral,0.595,31.7,16:42,16:55,Light,3,45,,,
20191024,1-ACR-2,1-ACR-2,2,12,Run1,Site1,Apulchra,Coral,0.61,22.79,16:42,16:53,Light,3,45,,,
20191024,1-POR-1,1-POR-1,7,7,Run1,Site1,Porites,Coral,0.6,22.75,16:55,17:05,Light,4,73,,,
20191024,1-ACR-1,1-ACR-1,8,8,Run1,Site1,Apulchra,Coral,0.616,23.65,16:55,17:05,Light,4,73,,,
20191024,1-POC-1,1-POC-1,9,9,Run1,Site1,Pocillopora,Coral,0.604,53.73,16:55,17:05,Light,4,73,,,
20191024,1-POC-2,1-POC-2,10,10,Run1,Site1,Pocillopora,Coral,0.61,43.57,16:55,17:05,Light,4,73,,,
20191024,1-POR-2,1-POR-2,1,11,Run1,Site1,Porites,Coral,0.595,31.7,16:55,17:05,Light,4,73,,,
20191024,1-ACR-2,1-ACR-2,2,12,Run1,Site1,Apulchra,Coral,0.61,22.79,16:55,17:05,Light,4,73,,,
20191024,1-POR-1,1-POR-1,7,7,Run1,Site1,Porites,Coral,0.6,22.75,17:07,17:20,Light,5,127,,,
20191024,1-ACR-1,1-ACR-1,8,8,Run1,Site1,Apulchra,Coral,0.616,23.65,17:07,17:20,Light,5,127,,,
20191024,1-POC-1,1-POC-1,9,9,Run1,Site1,Pocillopora,Coral,0.604,53.73,17:07,17:20,Light,5,127,,,
20191024,1-POC-2,1-POC-2,10,10,Run1,Site1,Pocillopora,Coral,0.61,43.57,17:07,17:20,Light,5,127,,,
20191024,1-POR-2,1-POR-2,1,11,Run1,Site1,Porites,Coral,0.595,31.7,17:07,17:20,Light,5,127,,,
20191024,1-ACR-2,1-ACR-2,2,12,Run1,Site1,Apulchra,Coral,0.61,22.79,17:07,17:20,Light,5,127,,,
20191024,1-POR-1,1-POR-1,7,7,Run1,Site1,Porites,Coral,0.6,22.75,17:22,17:36,Light,6,175,,,
20191024,1-ACR-1,1-ACR-1,8,8,Run1,Site1,Apulchra,Coral,0.616,23.65,17:22,17:36,Light,6,175,,,
20191024,1-POC-1,1-POC-1,9,9,Run1,Site1,Pocillopora,Coral,0.604,53.73,17:22,17:36,Light,6,175,,,
20191024,1-POC-2,1-POC-2,10,10,Run1,Site1,Pocillopora,Coral,0.61,43.57,17:22,17:36,Light,6,175,,,
20191024,1-POR-2,1-POR-2,1,11,Run1,Site1,Porites,Coral,0.595,31.7,17:22,17:36,Light,6,175,,,
20191024,1-ACR-2,1-ACR-2,2,12,Run1,Site1,Apulchra,Coral,0.61,22.79,17:22,17:36,Light,6,175,,,
20191024,1-POR-1,1-POR-1,7,7,Run1,Site1,Porites,Coral,0.6,22.75,17:38,17:47,Light,7,339,,,
20191024,1-ACR-1,1-ACR-1,8,8,Run1,Site1,Apulchra,Coral,0.616,23.65,17:38,17:47,Light,7,339,,,
20191024,1-POC-1,1-POC-1,9,9,Run1,Site1,Pocillopora,Coral,0.604,53.73,17:38,17:47,Light,7,339,,,
20191024,1-POC-2,1-POC-2,10,10,Run1,Site1,Pocillopora,Coral,0.61,43.57,17:38,17:47,Light,7,339,,,
20191024,1-POR-2,1-POR-2,1,11,Run1,Site1,Porites,Coral,0.595,31.7,17:38,17:47,Light,7,339,,,
20191024,1-ACR-2,1-ACR-2,2,12,Run1,Site1,Apulchra,Coral,0.61,22.79,17:38,17:47,Light,7,339,,,
20191024,1-POR-1,1-POR-1,7,7,Run1,Site1,Porites,Coral,0.6,22.75,17:48,17:55,Light,8,547,,,
20191024,1-ACR-1,1-ACR-1,8,8,Run1,Site1,Apulchra,Coral,0.616,23.65,17:48,17:55,Light,8,547,,,
20191024,1-POC-1,1-POC-1,9,9,Run1,Site1,Pocillopora,Coral,0.604,53.73,17:48,17:55,Light,8,547,,,
20191024,1-POC-2,1-POC-2,10,10,Run1,Site1,Pocillopora,Coral,0.61,43.57,17:48,17:55,Light,8,547,,,
20191024,1-POR-2,1-POR-2,1,11,Run1,Site1,Porites,Coral,0.595,31.7,17:48,17:55,Light,8,547,,,
20191024,1-ACR-2,1-ACR-2,2,12,Run1,Site1,Apulchra,Coral,0.61,22.79,17:48,17:55,Light,8,547,,,
20191024,1-POR-1,1-POR-1,7,7,Run1,Site1,Porites,Coral,0.6,22.75,17:57,18:03,Light,9,734,,,
20191024,1-ACR-1,1-ACR-1,8,8,Run1,Site1,Apulchra,Coral,0.616,23.65,17:57,18:03,Light,9,734,,,
20191024,1-POC-1,1-POC-1,9,9,Run1,Site1,Pocillopora,Coral,0.604,53.73,17:57,18:03,Light,9,734,,,
20191024,1-POC-2,1-POC-2,10,10,Run1,Site1,Pocillopora,Coral,0.61,43.57,17:57,18:03,Light,9,734,,,
20191024,1-POR-2,1-POR-2,1,11,Run1,Site1,Porites,Coral,0.595,31.7,17:57,18:03,Light,9,734,,,
20191024,1-ACR-2,1-ACR-2,2,12,Run1,Site1,Apulchra,Coral,0.61,22.79,17:57,18:03,Light,9,734,,,
20191024,1-POR-1,1-POR-1,7,7,Run1,Site1,Porites,Coral,0.6,22.75,18:05,18:13,Light,10,886,,,
20191024,1-ACR-1,1-ACR-1,8,8,Run1,Site1,Apulchra,Coral,0.616,23.65,18:05,18:13,Light,10,886,,,
20191024,1-POC-1,1-POC-1,9,9,Run1,Site1,Pocillopora,Coral,0.604,53.73,18:05,18:13,Light,10,886,,,
20191024,1-POC-2,1-POC-2,10,10,Run1,Site1,Pocillopora,Coral,0.61,43.57,18:05,18:13,Light,10,886,,,
20191024,1-POR-2,1-POR-2,1,11,Run1,Site1,Porites,Coral,0.595,31.7,18:05,18:13,Light,10,886,,,
20191024,1-ACR-2,1-ACR-2,2,12,Run1,Site1,Apulchra,Coral,0.61,22.79,18:05,18:13,Light,10,886,,,
20191024,1-POR-1,1-POR-1,7,7,Run1,Site1,Porites,Coral,0.6,22.75,18:15,18:26,Light,11,1125,,,
20191024,1-ACR-1,1-ACR-1,8,8,Run1,Site1,Apulchra,Coral,0.616,23.65,18:15,18:26,Light,11,1125,,,
20191024,1-POC-1,1-POC-1,9,9,Run1,Site1,Pocillopora,Coral,0.604,53.73,18:15,18:26,Light,11,1125,,,
20191024,1-POC-2,1-POC-2,10,10,Run1,Site1,Pocillopora,Coral,0.61,43.57,18:15,18:26,Light,11,1125,,,
20191024,1-POR-2,1-POR-2,1,11,Run1,Site1,Porites,Coral,0.595,31.7,18:15,18:26,Light,11,1125,,,
20191024,1-ACR-2,1-ACR-2,2,12,Run1,Site1,Apulchra,Coral,0.61,22.79,18:15,18:26,Light,11,1125,,,
20191024,1-POR-1,1-POR-1,7,7,Run1,Site1,Porites,Coral,0.6,22.75,18:24,18:31,Light,12,1027,,,
20191024,1-ACR-1,1-ACR-1,8,8,Run1,Site1,Apulchra,Coral,0.616,23.65,18:24,18:31,Light,12,1027,,,
20191024,1-POC-1,1-POC-1,9,9,Run1,Site1,Pocillopora,Coral,0.604,53.73,18:24,18:31,Light,12,1027,,,
20191024,1-POC-2,1-POC-2,10,10,Run1,Site1,Pocillopora,Coral,0.61,43.57,18:24,18:31,Light,12,1027,,,
20191024,1-POR-2,1-POR-2,1,11,Run1,Site1,Porites,Coral,0.595,31.7,18:24,18:31,Light,12,1027,,,
20191024,1-ACR-2,1-ACR-2,2,12,Run1,Site1,Apulchra,Coral,0.61,22.79,18:24,18:31,Light,12,1027,,,
20191025,2-POC-1,2-POC-1,1,7,Run1,Site1,Pocillopora,Coral,0.608,36.56,10:28,10:39,Light,1,0,,,
20191025,2-POC-2,2-POC-2,2,8,Run1,Site1,Pocillopora,Coral,0.618,42.63,10:28,10:39,Light,1,0,,,
20191025,1-BLK-1,1-BLK-1,3,9,Run1,NA,Blank,Blank,0.622,NA,10:28,10:39,Light,1,0,,,
20191025,2-POR-1,2-POR-1,4,10,Run1,Site2,Porites,Coral,0.61,29.63,10:28,10:39,Light,1,0,,,
20191025,2-POR-2,2-POR-2,5,11,Run1,Site2,Porites,Coral,0.595,45.17,10:28,10:39,Light,1,0,,,
20191025,2-ACR-1,2-ACR-1,6,12,Run1,Site2,Apulchra,Coral,0.6,28.69,10:28,10:39,Light,1,0,,,
20191025,2-POC-1,2-POC-1,1,7,Run1,Site2,Pocillopora,Coral,0.608,36.56,10:41,10:49,Light,2,25,,,
20191025,2-POC-2,2-POC-2,2,8,Run1,Site2,Pocillopora,Coral,0.618,42.63,10:41,10:49,Light,2,25,,,
20191025,1-BLK-1,1-BLK-1,3,9,Run1,NA,Blank,Blank,0.622,NA,10:41,10:49,Light,2,25,,,
20191025,2-POR-1,2-POR-1,4,10,Run1,Site2,Porites,Coral,0.61,29.63,10:41,10:49,Light,2,25,,,
20191025,2-POR-2,2-POR-2,5,11,Run1,Site2,Porites,Coral,0.595,45.17,10:41,10:49,Light,2,25,,,
20191025,2-ACR-1,2-ACR-1,6,12,Run1,Site2,Apulchra,Coral,0.6,28.69,10:41,10:49,Light,2,25,,,
20191025,2-POC-1,2-POC-1,1,7,Run1,Site2,Pocillopora,Coral,0.608,36.56,10:51,10:59,Light,3,42.83333333,,,
20191025,2-POC-2,2-POC-2,2,8,Run1,Site2,Pocillopora,Coral,0.618,42.63,10:51,10:59,Light,3,42.83333333,,,
20191025,1-BLK-1,1-BLK-1,3,9,Run1,NA,Blank,Blank,0.622,NA,10:51,10:59,Light,3,42.83333333,,,
20191025,2-POR-1,2-POR-1,4,10,Run1,Site2,Porites,Coral,0.61,29.63,10:51,10:59,Light,3,42.83333333,,,
20191025,2-POR-2,2-POR-2,5,11,Run1,Site2,Porites,Coral,0.595,45.17,10:51,10:59,Light,3,42.83333333,,,
20191025,2-ACR-1,2-ACR-1,6,12,Run1,Site2,Apulchra,Coral,0.6,28.69,10:51,10:59,Light,3,42.83333333,,,
20191025,2-POC-1,2-POC-1,1,7,Run1,Site2,Pocillopora,Coral,0.608,36.56,11:00,11:09,Light,4,67.83333333,,,
20191025,2-POC-2,2-POC-2,2,8,Run1,Site2,Pocillopora,Coral,0.618,42.63,11:00,11:09,Light,4,67.83333333,,,
20191025,1-BLK-1,1-BLK-1,3,9,Run1,NA,Blank,Blank,0.622,NA,11:00,11:09,Light,4,67.83333333,,,
20191025,2-POR-1,2-POR-1,4,10,Run1,Site2,Porites,Coral,0.61,29.63,11:00,11:09,Light,4,67.83333333,,,
20191025,2-POR-2,2-POR-2,5,11,Run1,Site2,Porites,Coral,0.595,45.17,11:00,11:09,Light,4,67.83333333,,,
20191025,2-ACR-1,2-ACR-1,6,12,Run1,Site2,Apulchra,Coral,0.6,28.69,11:00,11:09,Light,4,67.83333333,,,
20191025,2-POC-1,2-POC-1,1,7,Run1,Site2,Pocillopora,Coral,0.608,36.56,11:11,11:24,Light,5,115.3333333,,,
20191025,2-POC-2,2-POC-2,2,8,Run1,Site2,Pocillopora,Coral,0.618,42.63,11:11,11:24,Light,5,115.3333333,,,
20191025,1-BLK-1,1-BLK-1,3,9,Run1,NA,Blank,Blank,0.622,NA,11:11,11:24,Light,5,115.3333333,,,
20191025,2-POR-1,2-POR-1,4,10,Run1,Site2,Porites,Coral,0.61,29.63,11:11,11:24,Light,5,115.3333333,,,
20191025,2-POR-2,2-POR-2,5,11,Run1,Site2,Porites,Coral,0.595,45.17,11:11,11:24,Light,5,115.3333333,,,
20191025,2-ACR-1,2-ACR-1,6,12,Run1,Site2,Apulchra,Coral,0.6,28.69,11:11,11:24,Light,5,115.3333333,,,
20191025,2-POC-1,2-POC-1,1,7,Run1,Site2,Pocillopora,Coral,0.608,36.56,11:26,11:47,Light,6,165.5,,,
20191025,2-POC-2,2-POC-2,2,8,Run1,Site2,Pocillopora,Coral,0.618,42.63,11:26,11:47,Light,6,165.5,,,
20191025,1-BLK-1,1-BLK-1,3,9,Run1,NA,Blank,Blank,0.622,NA,11:26,11:47,Light,6,165.5,,,
20191025,2-POR-1,2-POR-1,4,10,Run1,Site2,Porites,Coral,0.61,29.63,11:26,11:47,Light,6,165.5,,,
20191025,2-POR-2,2-POR-2,5,11,Run1,Site2,Porites,Coral,0.595,45.17,11:26,11:47,Light,6,165.5,,,
20191025,2-ACR-1,2-ACR-1,6,12,Run1,Site2,Apulchra,Coral,0.6,28.69,11:26,11:47,Light,6,165.5,,,
20191025,2-POC-1,2-POC-1,1,7,Run1,Site2,Pocillopora,Coral,0.608,36.56,11:49,12:01,Light,7,315,,,
20191025,2-POC-2,2-POC-2,2,8,Run1,Site2,Pocillopora,Coral,0.618,42.63,11:49,12:01,Light,7,315,,,
20191025,1-BLK-1,1-BLK-1,3,9,Run1,NA,Blank,Blank,0.622,NA,11:49,12:01,Light,7,315,,,
20191025,2-POR-1,2-POR-1,4,10,Run1,Site2,Porites,Coral,0.61,29.63,11:49,12:01,Light,7,315,,,
20191025,2-POR-2,2-POR-2,5,11,Run1,Site2,Porites,Coral,0.595,45.17,11:49,12:01,Light,7,315,,,
20191025,2-ACR-1,2-ACR-1,6,12,Run1,Site2,Apulchra,Coral,0.6,28.69,11:49,12:01,Light,7,315,,,
20191025,2-POC-1,2-POC-1,1,7,Run1,Site2,Pocillopora,Coral,0.608,36.56,12:03,12:10,Light,8,493.5,,,
20191025,2-POC-2,2-POC-2,2,8,Run1,Site2,Pocillopora,Coral,0.618,42.63,12:03,12:10,Light,8,493.5,,,
20191025,1-BLK-1,1-BLK-1,3,9,Run1,NA,Blank,Blank,0.622,NA,12:03,12:10,Light,8,493.5,,,
20191025,2-POR-1,2-POR-1,4,10,Run1,Site2,Porites,Coral,0.61,29.63,12:03,12:10,Light,8,493.5,,,
20191025,2-POR-2,2-POR-2,5,11,Run1,Site2,Porites,Coral,0.595,45.17,12:03,12:10,Light,8,493.5,,,
20191025,2-ACR-1,2-ACR-1,6,12,Run1,Site2,Apulchra,Coral,0.6,28.69,12:03,12:10,Light,8,493.5,,,
20191025,2-POC-1,2-POC-1,1,7,Run1,Site2,Pocillopora,Coral,0.608,36.56,12:12,12:19,Light,9,677,,,
20191025,2-POC-2,2-POC-2,2,8,Run1,Site2,Pocillopora,Coral,0.618,42.63,12:12,12:19,Light,9,677,,,
20191025,1-BLK-1,1-BLK-1,3,9,Run1,NA,Blank,Blank,0.622,NA,12:12,12:19,Light,9,677,,,
20191025,2-POR-1,2-POR-1,4,10,Run1,Site2,Porites,Coral,0.61,29.63,12:12,12:19,Light,9,677,,,
20191025,2-POR-2,2-POR-2,5,11,Run1,Site2,Porites,Coral,0.595,45.17,12:12,12:19,Light,9,677,,,
20191025,2-ACR-1,2-ACR-1,6,12,Run1,Site2,Apulchra,Coral,0.6,28.69,12:12,12:19,Light,9,677,,,
20191025,2-POC-1,2-POC-1,1,7,Run1,Site2,Pocillopora,Coral,0.608,36.56,12:21,12:31,Light,10,815.5,,,
20191025,2-POC-2,2-POC-2,2,8,Run1,Site2,Pocillopora,Coral,0.618,42.63,12:21,12:31,Light,10,815.5,,,
20191025,1-BLK-1,1-BLK-1,3,9,Run1,NA,Blank,Blank,0.622,NA,12:21,12:31,Light,10,815.5,,,
20191025,2-POR-1,2-POR-1,4,10,Run1,Site2,Porites,Coral,0.61,29.63,12:21,12:31,Light,10,815.5,,,
20191025,2-POR-2,2-POR-2,5,11,Run1,Site2,Porites,Coral,0.595,45.17,12:21,12:31,Light,10,815.5,,,
20191025,2-ACR-1,2-ACR-1,6,12,Run1,Site2,Apulchra,Coral,0.6,28.69,12:21,12:31,Light,10,815.5,,,
20191025,2-POC-1,2-POC-1,1,7,Run1,Site2,Pocillopora,Coral,0.608,36.56,12:33,13:41,Light,11,1072.833333,,,
20191025,2-POC-2,2-POC-2,2,8,Run1,Site2,Pocillopora,Coral,0.618,42.63,12:33,13:41,Light,11,1072.833333,,,
20191025,1-BLK-1,1-BLK-1,3,9,Run1,NA,Blank,Blank,0.622,NA,12:33,13:41,Light,11,1072.833333,,,
20191025,2-POR-1,2-POR-1,4,10,Run1,Site2,Porites,Coral,0.61,29.63,12:33,13:41,Light,11,1072.833333,,,
20191025,2-POR-2,2-POR-2,5,11,Run1,Site2,Porites,Coral,0.595,45.17,12:33,13:41,Light,11,1072.833333,,,
20191025,2-ACR-1,2-ACR-1,6,12,Run1,Site2,Apulchra,Coral,0.6,28.69,12:33,13:41,Light,11,1072.833333,,,
20191025,2-POC-1,2-POC-1,1,7,Run1,Site2,Pocillopora,Coral,0.608,36.56,12:43,12:49,Light,12,1286.666667,,,
20191025,2-POC-2,2-POC-2,2,8,Run1,Site2,Pocillopora,Coral,0.618,42.63,12:43,12:49,Light,12,1286.666667,,,
20191025,1-BLK-1,1-BLK-1,3,9,Run1,NA,Blank,Blank,0.622,NA,12:43,12:49,Light,12,1286.666667,,,
20191025,2-POR-1,2-POR-1,4,10,Run1,Site2,Porites,Coral,0.61,29.63,12:43,12:49,Light,12,1286.666667,,,
20191025,2-POR-2,2-POR-2,5,11,Run1,Site2,Porites,Coral,0.595,45.17,12:43,12:49,Light,12,1286.666667,,,
20191025,2-ACR-1,2-ACR-1,6,12,Run1,Site2,Apulchra,Coral,0.6,28.69,12:43,12:49,Light,12,1286.666667,,,
20191025,1-ACR-3,1-ACR-3,1,7,Run2,Site1,Apulchra,Coral,0.616,36.82,13:38,13:46,Dark,1,0,,,
20191025,1-POC-3,1-POC-3,2,8,Run2,Site1,Pocillopora,Coral,0.608,88.58,13:38,13:46,Dark,1,0,,,
20191025,2-ACR-2,2-ACR-2,3,9,Run2,Site2,Apulchra,Coral,0.61,43.7,13:38,13:46,Dark,1,0,,,
20191025,1-BLK-2,1-BLK-2,4,10,Run2,NA,Blank,Blank,0.62,NA,13:38,13:46,Dark,1,0,,,
20191025,2-POC-3,2-POC-3,5,11,Run2,Site2,Pocillopora,Coral,0.59,111.12,13:38,13:46,Dark,1,0,,,
20191025,2-ACR-3,2-ACR-3,6,12,Run2,Site2,Apulchra,Coral,0.605,36.95,13:38,13:46,Dark,1,0,,,
20191025,1-ACR-3,1-ACR-3,1,7,Run2,Site1,Apulchra,Coral,0.616,36.82,13:48,13:54,Light,2,25,,,
20191025,1-POC-3,1-POC-3,2,8,Run2,Site1,Pocillopora,Coral,0.608,88.58,13:48,13:54,Light,2,25,,,
20191025,2-ACR-2,2-ACR-2,3,9,Run2,Site2,Apulchra,Coral,0.61,43.7,13:48,13:54,Light,2,25,,,
20191025,1-BLK-2,1-BLK-2,4,10,Run2,NA,Blank,Blank,0.62,NA,13:48,13:54,Light,2,25,,,
20191025,2-POC-3,2-POC-3,5,11,Run2,Site2,Pocillopora,Coral,0.59,111.12,13:48,13:54,Light,2,25,,,
20191025,2-ACR-3,2-ACR-3,6,12,Run2,Site2,Apulchra,Coral,0.605,36.95,13:48,13:54,Light,2,25,,,
20191025,1-ACR-3,1-ACR-3,1,7,Run2,Site1,Apulchra,Coral,0.616,36.82,13:56,14:12,Light,3,42.83333333,,,
20191025,1-POC-3,1-POC-3,2,8,Run2,Site1,Pocillopora,Coral,0.608,88.58,13:56,14:12,Light,3,42.83333333,,,
20191025,2-ACR-2,2-ACR-2,3,9,Run2,Site2,Apulchra,Coral,0.61,43.7,13:56,14:12,Light,3,42.83333333,,,
20191025,1-BLK-2,1-BLK-2,4,10,Run2,NA,Blank,Blank,0.62,NA,13:56,14:12,Light,3,42.83333333,,,
20191025,2-POC-3,2-POC-3,5,11,Run2,Site2,Pocillopora,Coral,0.59,111.12,13:56,14:12,Light,3,42.83333333,,,
20191025,2-ACR-3,2-ACR-3,6,12,Run2,Site2,Apulchra,Coral,0.605,36.95,13:56,14:12,Light,3,42.83333333,,,
20191025,1-ACR-3,1-ACR-3,1,7,Run2,Site1,Apulchra,Coral,0.616,36.82,14:14,14:30,Light,4,67.83333333,,,
20191025,1-POC-3,1-POC-3,2,8,Run2,Site1,Pocillopora,Coral,0.608,88.58,14:14,14:30,Light,4,67.83333333,,,
20191025,2-ACR-2,2-ACR-2,3,9,Run2,Site2,Apulchra,Coral,0.61,43.7,14:14,14:30,Light,4,67.83333333,,,
20191025,1-BLK-2,1-BLK-2,4,10,Run2,NA,Blank,Blank,0.62,NA,14:14,14:30,Light,4,67.83333333,,,
20191025,2-POC-3,2-POC-3,5,11,Run2,Site2,Pocillopora,Coral,0.59,111.12,14:14,14:30,Light,4,67.83333333,,,
20191025,2-ACR-3,2-ACR-3,6,12,Run2,Site2,Apulchra,Coral,0.605,36.95,14:14,14:30,Light,4,67.83333333,,,
20191025,1-ACR-3,1-ACR-3,1,7,Run2,Site1,Apulchra,Coral,0.616,36.82,14:32,14:42,Light,5,115.3333333,,,
20191025,1-POC-3,1-POC-3,2,8,Run2,Site1,Pocillopora,Coral,0.608,88.58,14:32,14:42,Light,5,115.3333333,,,
20191025,2-ACR-2,2-ACR-2,3,9,Run2,Site2,Apulchra,Coral,0.61,43.7,14:32,14:42,Light,5,115.3333333,,,
20191025,1-BLK-2,1-BLK-2,4,10,Run2,NA,Blank,Blank,0.62,NA,14:32,14:42,Light,5,115.3333333,,,
20191025,2-POC-3,2-POC-3,5,11,Run2,Site2,Pocillopora,Coral,0.59,111.12,14:32,14:42,Light,5,115.3333333,,,
20191025,2-ACR-3,2-ACR-3,6,12,Run2,Site2,Apulchra,Coral,0.605,36.95,14:32,14:42,Light,5,115.3333333,,,
20191025,1-ACR-3,1-ACR-3,1,7,Run2,Site1,Apulchra,Coral,0.616,36.82,14:44,14:54,Light,6,165.5,,,
20191025,1-POC-3,1-POC-3,2,8,Run2,Site1,Pocillopora,Coral,0.608,88.58,14:44,14:54,Light,6,165.5,,,
20191025,2-ACR-2,2-ACR-2,3,9,Run2,Site2,Apulchra,Coral,0.61,43.7,14:44,14:54,Light,6,165.5,,,
20191025,1-BLK-2,1-BLK-2,4,10,Run2,NA,Blank,Blank,0.62,NA,14:44,14:54,Light,6,165.5,,,
20191025,2-POC-3,2-POC-3,5,11,Run2,Site2,Pocillopora,Coral,0.59,111.12,14:44,14:54,Light,6,165.5,,,
20191025,2-ACR-3,2-ACR-3,6,12,Run2,Site2,Apulchra,Coral,0.605,36.95,14:44,14:54,Light,6,165.5,,,
20191025,1-ACR-3,1-ACR-3,1,7,Run2,Site1,Apulchra,Coral,0.616,36.82,15:00,15:11,Light,7,315,,,
20191025,1-POC-3,1-POC-3,2,8,Run2,Site1,Pocillopora,Coral,0.608,88.58,15:00,15:11,Light,7,315,,,
20191025,2-ACR-2,2-ACR-2,3,9,Run2,Site2,Apulchra,Coral,0.61,43.7,15:00,15:11,Light,7,315,,,
20191025,1-BLK-2,1-BLK-2,4,10,Run2,NA,Blank,Blank,0.62,NA,15:00,15:11,Light,7,315,,,
20191025,2-POC-3,2-POC-3,5,11,Run2,Site2,Pocillopora,Coral,0.59,111.12,15:00,15:11,Light,7,315,,,
20191025,2-ACR-3,2-ACR-3,6,12,Run2,Site2,Apulchra,Coral,0.605,36.95,15:00,15:11,Light,7,315,,,
20191025,1-ACR-3,1-ACR-3,1,7,Run2,Site1,Apulchra,Coral,0.616,36.82,15:13,15:24,Light,8,493.5,,,
20191025,1-POC-3,1-POC-3,2,8,Run2,Site1,Pocillopora,Coral,0.608,88.58,15:13,15:24,Light,8,493.5,,,
20191025,2-ACR-2,2-ACR-2,3,9,Run2,Site2,Apulchra,Coral,0.61,43.7,15:13,15:24,Light,8,493.5,,,
20191025,1-BLK-2,1-BLK-2,4,10,Run2,NA,Blank,Blank,0.62,NA,15:13,15:24,Light,8,493.5,,,
20191025,2-POC-3,2-POC-3,5,11,Run2,Site2,Pocillopora,Coral,0.59,111.12,15:13,15:24,Light,8,493.5,,,
20191025,2-ACR-3,2-ACR-3,6,12,Run2,Site2,Apulchra,Coral,0.605,36.95,15:13,15:24,Light,8,493.5,,,
20191025,1-ACR-3,1-ACR-3,1,7,Run2,Site1,Apulchra,Coral,0.616,36.82,15:26,15:36,Light,9,677,,,
20191025,1-POC-3,1-POC-3,2,8,Run2,Site1,Pocillopora,Coral,0.608,88.58,15:26,15:36,Light,9,677,,,
20191025,2-ACR-2,2-ACR-2,3,9,Run2,Site2,Apulchra,Coral,0.61,43.7,15:26,15:36,Light,9,677,,,
20191025,1-BLK-2,1-BLK-2,4,10,Run2,NA,Blank,Blank,0.62,NA,15:26,15:36,Light,9,677,,,
20191025,2-POC-3,2-POC-3,5,11,Run2,Site2,Pocillopora,Coral,0.59,111.12,15:26,15:36,Light,9,677,,,
20191025,2-ACR-3,2-ACR-3,6,12,Run2,Site2,Apulchra,Coral,0.605,36.95,15:26,15:36,Light,9,677,,,
20191025,1-ACR-3,1-ACR-3,1,7,Run2,Site1,Apulchra,Coral,0.616,36.82,15:38,15:46,Light,10,815.5,,,
20191025,1-POC-3,1-POC-3,2,8,Run2,Site1,Pocillopora,Coral,0.608,88.58,15:38,15:46,Light,10,815.5,,,
20191025,2-ACR-2,2-ACR-2,3,9,Run2,Site2,Apulchra,Coral,0.61,43.7,15:38,15:46,Light,10,815.5,,,
20191025,1-BLK-2,1-BLK-2,4,10,Run2,NA,Blank,Blank,0.62,NA,15:38,15:46,Light,10,815.5,,,
20191025,2-POC-3,2-POC-3,5,11,Run2,Site2,Pocillopora,Coral,0.59,111.12,15:38,15:46,Light,10,815.5,,,
20191025,2-ACR-3,2-ACR-3,6,12,Run2,Site2,Apulchra,Coral,0.605,36.95,15:38,15:46,Light,10,815.5,,,
20191025,1-ACR-3,1-ACR-3,1,7,Run2,Site1,Apulchra,Coral,0.616,36.82,15:49,15:56,Light,11,1072.833333,,,
20191025,1-POC-3,1-POC-3,2,8,Run2,Site1,Pocillopora,Coral,0.608,88.58,15:49,15:56,Light,11,1072.833333,,,
20191025,2-ACR-2,2-ACR-2,3,9,Run2,Site2,Apulchra,Coral,0.61,43.7,15:49,15:56,Light,11,1072.833333,,,
20191025,1-BLK-2,1-BLK-2,4,10,Run2,NA,Blank,Blank,0.62,NA,15:49,15:56,Light,11,1072.833333,,,
20191025,2-POC-3,2-POC-3,5,11,Run2,Site2,Pocillopora,Coral,0.59,111.12,15:49,15:56,Light,11,1072.833333,,,
20191025,2-ACR-3,2-ACR-3,6,12,Run2,Site2,Apulchra,Coral,0.605,36.95,15:49,15:56,Light,11,1072.833333,,,
20191025,1-ACR-3,1-ACR-3,1,7,Run2,Site1,Apulchra,Coral,0.616,36.82,15:58,16:05,Light,12,1286.666667,,,
20191025,1-POC-3,1-POC-3,2,8,Run2,Site1,Pocillopora,Coral,0.608,88.58,15:58,16:05,Light,12,1286.666667,,,
20191025,2-ACR-2,2-ACR-2,3,9,Run2,Site2,Apulchra,Coral,0.61,43.7,15:58,16:05,Light,12,1286.666667,,,
20191025,1-BLK-2,1-BLK-2,4,10,Run2,NA,Blank,Blank,0.62,NA,15:58,16:05,Light,12,1286.666667,,,
20191025,2-POC-3,2-POC-3,5,11,Run2,Site2,Pocillopora,Coral,0.59,111.12,15:58,16:05,Light,12,1286.666667,,,
20191025,2-ACR-3,2-ACR-3,6,12,Run2,Site2,Apulchra,Coral,0.605,36.95,15:58,16:05,Light,12,1286.666667,,,
20191026,1-POR-3,1-POR-3,4,1,Run1,Site1,Porites,Coral,0.588,60.91,9:24,9:33,Dark,1,0,,,
20191026,2-POR-3,2-POR-3,5,2,Run1,Site2,Porites,Coral,0.578,58.63,9:24,9:33,Dark,1,0,,,
20191026,1-BLK-3,1-BLK-3,8,4,Run1,NA,Blank,Blank,0.62,NA,9:24,9:33,Dark,1,0,,,
20191026,1-POR-3,1-POR-3,4,1,Run1,Site1,Porites,Coral,0.588,60.91,9:35,9:45,Light,2,25,,,
20191026,2-POR-3,2-POR-3,5,2,Run1,Site2,Porites,Coral,0.578,58.63,9:35,9:45,Light,2,25,,,
20191026,1-BLK-3,1-BLK-3,8,4,Run1,NA,Blank,Blank,0.62,NA,9:35,9:45,Light,2,25,,,
20191026,1-POR-3,1-POR-3,4,1,Run1,Site1,Porites,Coral,0.588,60.91,9:47,10:01,Light,3,42.83333333,,,
20191026,2-POR-3,2-POR-3,5,2,Run1,Site2,Porites,Coral,0.578,58.63,9:47,10:01,Light,3,42.83333333,,,
20191026,1-BLK-3,1-BLK-3,8,4,Run1,NA,Blank,Blank,0.62,NA,9:47,10:01,Light,3,42.83333333,,,
20191026,1-POR-3,1-POR-3,4,1,Run1,Site1,Porites,Coral,0.588,60.91,10:03,10:14,Light,4,67.83333333,,,
20191026,2-POR-3,2-POR-3,5,2,Run1,Site2,Porites,Coral,0.578,58.63,10:03,10:14,Light,4,67.83333333,,,
20191026,1-BLK-3,1-BLK-3,8,4,Run1,NA,Blank,Blank,0.62,NA,10:03,10:14,Light,4,67.83333333,,,
20191026,1-POR-3,1-POR-3,4,1,Run1,Site1,Porites,Coral,0.588,60.91,10:16,10:27,Light,5,115.3333333,,,
20191026,2-POR-3,2-POR-3,5,2,Run1,Site2,Porites,Coral,0.578,58.63,10:16,10:27,Light,5,115.3333333,,,
20191026,1-BLK-3,1-BLK-3,8,4,Run1,NA,Blank,Blank,0.62,NA,10:16,10:27,Light,5,115.3333333,,,
20191026,1-POR-3,1-POR-3,4,1,Run1,Site1,Porites,Coral,0.588,60.91,10:44,10:54,Light,6,115.3333333,,,
20191026,2-POR-3,2-POR-3,5,2,Run1,Site2,Porites,Coral,0.578,58.63,10:44,10:54,Light,6,115.3333333,,,
20191026,1-BLK-3,1-BLK-3,8,4,Run1,NA,Blank,Blank,0.62,NA,10:44,10:54,Light,6,115.3333333,,,
20191026,1-POR-3,1-POR-3,4,1,Run1,Site1,Porites,Coral,0.588,60.91,10:56,11:06,Light,7,315,,,
20191026,2-POR-3,2-POR-3,5,2,Run1,Site2,Porites,Coral,0.578,58.63,10:56,11:06,Light,7,315,,,
20191026,1-BLK-3,1-BLK-3,8,4,Run1,NA,Blank,Blank,0.62,NA,10:56,11:06,Light,7,315,,,
20191026,1-POR-3,1-POR-3,4,1,Run1,Site1,Porites,Coral,0.588,60.91,11:08,11:18,Light,8,493.5,,,
20191026,2-POR-3,2-POR-3,5,2,Run1,Site2,Porites,Coral,0.578,58.63,11:08,11:18,Light,8,493.5,,,
20191026,1-BLK-3,1-BLK-3,8,4,Run1,NA,Blank,Blank,0.62,NA,11:08,11:18,Light,8,493.5,,,
20191026,1-POR-3,1-POR-3,4,1,Run1,Site1,Porites,Coral,0.588,60.91,11:20,11:32,Light,9,677,,,
20191026,2-POR-3,2-POR-3,5,2,Run1,Site2,Porites,Coral,0.578,58.63,11:20,11:32,Light,9,677,,,
20191026,1-BLK-3,1-BLK-3,8,4,Run1,NA,Blank,Blank,0.62,NA,11:20,11:32,Light,9,677,,,
20191026,1-POR-3,1-POR-3,4,1,Run1,Site1,Porites,Coral,0.588,60.91,11:34,11:45,Light,10,815.5,,,
20191026,2-POR-3,2-POR-3,5,2,Run1,Site2,Porites,Coral,0.578,58.63,11:34,11:45,Light,10,815.5,,,
20191026,1-BLK-3,1-BLK-3,8,4,Run1,NA,Blank,Blank,0.62,NA,11:34,11:45,Light,10,815.5,,,
20191026,1-POR-3,1-POR-3,4,1,Run1,Site1,Porites,Coral,0.588,60.91,11:47,12:02,Light,11,1072.833333,,,
20191026,2-POR-3,2-POR-3,5,2,Run1,Site2,Porites,Coral,0.578,58.63,11:47,12:02,Light,11,1072.833333,,,
20191026,1-BLK-3,1-BLK-3,8,4,Run1,NA,Blank,Blank,0.62,NA,11:47,12:02,Light,11,1072.833333,,,
20191026,1-POR-3,1-POR-3,4,1,Run1,Site1,Porites,Coral,0.588,60.91,12:04,12:18,Light,12,1286.666667,,,
20191026,2-POR-3,2-POR-3,5,2,Run1,Site2,Porites,Coral,0.578,58.63,12:04,12:18,Light,12,1286.666667,,,
20191026,1-BLK-3,1-BLK-3,8,4,Run1,NA,Blank,Blank,0.62,NA,12:04,12:18,Light,12,1286.666667,,,
20191028,3-POR-1,3-POR-1,4,1,Run1,Site3,Porites,Coral,0.582,20.68490834,9:02,9:11,Dark,1,0,,,
20191028,3-POC-1,3-POC-1,5,2,Run1,Site3,Pocillopora,Coral,0.6,50.07043644,9:02,9:11,Dark,1,0,,,
20191028,3-POR-2,3-POR-2,7,3,Run1,Site3,Porites,Coral,0.58,91.80390974,9:02,9:11,Dark,1,0,,,
20191028,3-POC-2,3-POC-2,8,4,Run1,Site3,Pocillopora,Coral,0.618,24.42801367,9:02,9:11,Dark,1,0,,,
20191028,3-POR-3,3-POR-3,9,5,Run1,Site3,Porites,Coral,0.59,64.99983359,9:02,9:11,Dark,1,0,,,
20191028,3-POC-3,3-POC-3,10,6,Run1,Site3,Pocillopora,Coral,0.61,69.81854391,9:02,9:11,Dark,1,0,,,
20191028,3-POR-1,3-POR-1,4,1,Run1,Site3,Porites,Coral,0.582,20.68490834,9:13,9:23,Light,2,25,,,
20191028,3-POC-1,3-POC-1,5,2,Run1,Site3,Pocillopora,Coral,0.6,50.07043644,9:13,9:23,Light,2,25,,,
20191028,3-POR-2,3-POR-2,7,3,Run1,Site3,Porites,Coral,0.58,91.80390974,9:13,9:23,Light,2,25,,,
20191028,3-POC-2,3-POC-2,8,4,Run1,Site3,Pocillopora,Coral,0.618,24.42801367,9:13,9:23,Light,2,25,,,
20191028,3-POR-3,3-POR-3,9,5,Run1,Site3,Porites,Coral,0.59,64.99983359,9:13,9:23,Light,2,25,,,
20191028,3-POC-3,3-POC-3,10,6,Run1,Site3,Pocillopora,Coral,0.61,69.81854391,9:13,9:23,Light,2,25,,,
20191028,3-POR-1,3-POR-1,4,1,Run1,Site3,Porites,Coral,0.582,20.68490834,9:25,9:32,Light,3,45.5,,,
20191028,3-POC-1,3-POC-1,5,2,Run1,Site3,Pocillopora,Coral,0.6,50.07043644,9:25,9:32,Light,3,45.5,,,
20191028,3-POR-2,3-POR-2,7,3,Run1,Site3,Porites,Coral,0.58,91.80390974,9:25,9:32,Light,3,45.5,,,
20191028,3-POC-2,3-POC-2,8,4,Run1,Site3,Pocillopora,Coral,0.618,24.42801367,9:25,9:32,Light,3,45.5,,,
20191028,3-POR-3,3-POR-3,9,5,Run1,Site3,Porites,Coral,0.59,64.99983359,9:25,9:32,Light,3,45.5,,,
20191028,3-POC-3,3-POC-3,10,6,Run1,Site3,Pocillopora,Coral,0.61,69.81854391,9:25,9:32,Light,3,45.5,,,
20191028,3-POR-1,3-POR-1,4,1,Run1,Site3,Porites,Coral,0.582,20.68490834,9:34,9:46,Light,4,81.2,,,
20191028,3-POC-1,3-POC-1,5,2,Run1,Site3,Pocillopora,Coral,0.6,50.07043644,9:34,9:46,Light,4,81.2,,,
20191028,3-POR-2,3-POR-2,7,3,Run1,Site3,Porites,Coral,0.58,91.80390974,9:34,9:46,Light,4,81.2,,,
20191028,3-POC-2,3-POC-2,8,4,Run1,Site3,Pocillopora,Coral,0.618,24.42801367,9:34,9:46,Light,4,81.2,,,
20191028,3-POR-3,3-POR-3,9,5,Run1,Site3,Porites,Coral,0.59,64.99983359,9:34,9:46,Light,4,81.2,,,
20191028,3-POC-3,3-POC-3,10,6,Run1,Site3,Pocillopora,Coral,0.61,69.81854391,9:34,9:46,Light,4,81.2,,,
20191028,3-POR-1,3-POR-1,4,1,Run1,Site3,Porites,Coral,0.582,20.68490834,9:51,10:04,Light,5,125.3,,,
20191028,3-POC-1,3-POC-1,5,2,Run1,Site3,Pocillopora,Coral,0.6,50.07043644,9:51,10:04,Light,5,125.3,,,
20191028,3-POR-2,3-POR-2,7,3,Run1,Site3,Porites,Coral,0.58,91.80390974,9:51,10:04,Light,5,125.3,,,
20191028,3-POC-2,3-POC-2,8,4,Run1,Site3,Pocillopora,Coral,0.618,24.42801367,9:51,10:04,Light,5,125.3,,,
20191028,3-POR-3,3-POR-3,9,5,Run1,Site3,Porites,Coral,0.59,64.99983359,9:51,10:04,Light,5,125.3,,,
20191028,3-POC-3,3-POC-3,10,6,Run1,Site3,Pocillopora,Coral,0.61,69.81854391,9:51,10:04,Light,5,125.3,,,
20191028,3-POR-1,3-POR-1,4,1,Run1,Site3,Porites,Coral,0.582,20.68490834,10:06,10:15,Light,6,175.3,,,
20191028,3-POC-1,3-POC-1,5,2,Run1,Site3,Pocillopora,Coral,0.6,50.07043644,10:06,10:15,Light,6,175.3,,,
20191028,3-POR-2,3-POR-2,7,3,Run1,Site3,Porites,Coral,0.58,91.80390974,10:06,10:15,Light,6,175.3,,,
20191028,3-POC-2,3-POC-2,8,4,Run1,Site3,Pocillopora,Coral,0.618,24.42801367,10:06,10:15,Light,6,175.3,,,
20191028,3-POR-3,3-POR-3,9,5,Run1,Site3,Porites,Coral,0.59,64.99983359,10:06,10:15,Light,6,175.3,,,
20191028,3-POC-3,3-POC-3,10,6,Run1,Site3,Pocillopora,Coral,0.61,69.81854391,10:06,10:15,Light,6,175.3,,,
20191028,3-POR-1,3-POR-1,4,1,Run1,Site3,Porites,Coral,0.582,20.68490834,10:17,10:28,Light,7,345.3,,,
20191028,3-POC-1,3-POC-1,5,2,Run1,Site3,Pocillopora,Coral,0.6,50.07043644,10:17,10:28,Light,7,345.3,,,
20191028,3-POR-2,3-POR-2,7,3,Run1,Site3,Porites,Coral,0.58,91.80390974,10:17,10:28,Light,7,345.3,,,
20191028,3-POC-2,3-POC-2,8,4,Run1,Site3,Pocillopora,Coral,0.618,24.42801367,10:17,10:28,Light,7,345.3,,,
20191028,3-POR-3,3-POR-3,9,5,Run1,Site3,Porites,Coral,0.59,64.99983359,10:17,10:28,Light,7,345.3,,,
20191028,3-POC-3,3-POC-3,10,6,Run1,Site3,Pocillopora,Coral,0.61,69.81854391,10:17,10:28,Light,7,345.3,,,
20191028,3-POR-1,3-POR-1,4,1,Run1,Site3,Porites,Coral,0.582,20.68490834,10:30,10:37,Light,8,524.2,,,
20191028,3-POC-1,3-POC-1,5,2,Run1,Site3,Pocillopora,Coral,0.6,50.07043644,10:30,10:37,Light,8,524.2,,,
20191028,3-POR-2,3-POR-2,7,3,Run1,Site3,Porites,Coral,0.58,91.80390974,10:30,10:37,Light,8,524.2,,,
20191028,3-POC-2,3-POC-2,8,4,Run1,Site3,Pocillopora,Coral,0.618,24.42801367,10:30,10:37,Light,8,524.2,,,
20191028,3-POR-3,3-POR-3,9,5,Run1,Site3,Porites,Coral,0.59,64.99983359,10:30,10:37,Light,8,524.2,,,
20191028,3-POC-3,3-POC-3,10,6,Run1,Site3,Pocillopora,Coral,0.61,69.81854391,10:30,10:37,Light,8,524.2,,,
20191028,3-POR-1,3-POR-1,4,1,Run1,Site3,Porites,Coral,0.582,20.68490834,10:39,10:46,Light,9,712,,,
20191028,3-POC-1,3-POC-1,5,2,Run1,Site3,Pocillopora,Coral,0.6,50.07043644,10:39,10:46,Light,9,712,,,
20191028,3-POR-2,3-POR-2,7,3,Run1,Site3,Porites,Coral,0.58,91.80390974,10:39,10:46,Light,9,712,,,
20191028,3-POC-2,3-POC-2,8,4,Run1,Site3,Pocillopora,Coral,0.618,24.42801367,10:39,10:46,Light,9,712,,,
20191028,3-POR-3,3-POR-3,9,5,Run1,Site3,Porites,Coral,0.59,64.99983359,10:39,10:46,Light,9,712,,,
20191028,3-POC-3,3-POC-3,10,6,Run1,Site3,Pocillopora,Coral,0.61,69.81854391,10:39,10:46,Light,9,712,,,
20191028,3-POR-1,3-POR-1,4,1,Run1,Site3,Porites,Coral,0.582,20.68490834,10:48,10:59,Light,10,889.2,,,
20191028,3-POC-1,3-POC-1,5,2,Run1,Site3,Pocillopora,Coral,0.6,50.07043644,10:48,10:59,Light,10,889.2,,,
20191028,3-POR-2,3-POR-2,7,3,Run1,Site3,Porites,Coral,0.58,91.80390974,10:48,10:59,Light,10,889.2,,,
20191028,3-POC-2,3-POC-2,8,4,Run1,Site3,Pocillopora,Coral,0.618,24.42801367,10:48,10:59,Light,10,889.2,,,
20191028,3-POR-3,3-POR-3,9,5,Run1,Site3,Porites,Coral,0.59,64.99983359,10:48,10:59,Light,10,889.2,,,
20191028,3-POC-3,3-POC-3,10,6,Run1,Site3,Pocillopora,Coral,0.61,69.81854391,10:48,10:59,Light,10,889.2,,,
20191028,3-POR-1,3-POR-1,4,1,Run1,Site3,Porites,Coral,0.582,20.68490834,11:02,11:11,Light,11,1155,,,
20191028,3-POC-1,3-POC-1,5,2,Run1,Site3,Pocillopora,Coral,0.6,50.07043644,11:02,11:11,Light,11,1155,,,
20191028,3-POR-2,3-POR-2,7,3,Run1,Site3,Porites,Coral,0.58,91.80390974,11:02,11:11,Light,11,1155,,,
20191028,3-POC-2,3-POC-2,8,4,Run1,Site3,Pocillopora,Coral,0.618,24.42801367,11:02,11:11,Light,11,1155,,,
20191028,3-POR-3,3-POR-3,9,5,Run1,Site3,Porites,Coral,0.59,64.99983359,11:02,11:11,Light,11,1155,,,
20191028,3-POC-3,3-POC-3,10,6,Run1,Site3,Pocillopora,Coral,0.61,69.81854391,11:02,11:11,Light,11,1155,,,
20191028,3-POR-1,3-POR-1,4,1,Run1,Site3,Porites,Coral,0.582,20.68490834,11:23,11:33,Light,12,1286,,,
20191028,3-POC-1,3-POC-1,5,2,Run1,Site3,Pocillopora,Coral,0.6,50.07043644,11:23,11:33,Light,12,1286,,,
20191028,3-POR-2,3-POR-2,7,3,Run1,Site3,Porites,Coral,0.58,91.80390974,11:23,11:33,Light,12,1286,,,
20191028,3-POC-2,3-POC-2,8,4,Run1,Site3,Pocillopora,Coral,0.618,24.42801367,11:23,11:33,Light,12,1286,,,
20191028,3-POR-3,3-POR-3,9,5,Run1,Site3,Porites,Coral,0.59,64.99983359,11:23,11:33,Light,12,1286,,,
20191028,3-POC-3,3-POC-3,10,6,Run1,Site3,Pocillopora,Coral,0.61,69.81854391,11:23,11:33,Light,12,1286,,,
20191029,Apul-218,Apul-218,4,1,Run1,Genotypes,Apul,Coral,0.61,28.08507061,8:12,8:20,Dark,1,0,,,
20191029,Apul-237,Apul-237,5,2,Run1,Genotypes,Apul,Coral,0.616,35.78640228,8:12,8:20,Dark,1,0,,,
20191029,Apul-227,Apul-227,8,5,Run1,Genotypes,Apul,Coral,0.602,18.53369837,8:12,8:20,Dark,1,0,,,
20191029,BLANK1,BLANK1,9,6,Run1,NA,Blank,Blank,0.62,NA,8:12,8:20,Dark,1,0,,,
20191029,Apul-234,Apul-234,10,7,Run1,Genotypes,Apul,Coral,0.604,45.50987132,8:12,8:20,Dark,1,0,,,
20191029,Apul-218,Apul-218,4,1,Run1,Genotypes,Apul,Coral,0.61,28.08507061,8:21,8:32,Light,2,27,,,
20191029,Apul-237,Apul-237,5,2,Run1,Genotypes,Apul,Coral,0.616,35.78640228,8:21,8:32,Light,2,27,,,
20191029,Apul-227,Apul-227,8,5,Run1,Genotypes,Apul,Coral,0.602,18.53369837,8:21,8:32,Light,2,27,,,
20191029,BLANK1,BLANK1,9,6,Run1,NA,Blank,Blank,0.62,NA,8:21,8:32,Light,2,27,,,
20191029,Apul-234,Apul-234,10,7,Run1,Genotypes,Apul,Coral,0.604,45.50987132,8:21,8:32,Light,2,27,,,
20191029,Apul-218,Apul-218,4,1,Run1,Genotypes,Apul,Coral,0.61,28.08507061,8:34,8:45,Light,3,47.5,,,
20191029,Apul-237,Apul-237,5,2,Run1,Genotypes,Apul,Coral,0.616,35.78640228,8:34,8:45,Light,3,47.5,,,
20191029,Apul-227,Apul-227,8,5,Run1,Genotypes,Apul,Coral,0.602,18.53369837,8:34,8:45,Light,3,47.5,,,
20191029,BLANK1,BLANK1,9,6,Run1,NA,Blank,Blank,0.62,NA,8:34,8:45,Light,3,47.5,,,
20191029,Apul-234,Apul-234,10,7,Run1,Genotypes,Apul,Coral,0.604,45.50987132,8:34,8:45,Light,3,47.5,,,
20191029,Apul-218,Apul-218,4,1,Run1,Genotypes,Apul,Coral,0.61,28.08507061,8:47,8:55,Light,4,73.8,,,
20191029,Apul-237,Apul-237,5,2,Run1,Genotypes,Apul,Coral,0.616,35.78640228,8:47,8:55,Light,4,73.8,,,
20191029,Apul-227,Apul-227,8,5,Run1,Genotypes,Apul,Coral,0.602,18.53369837,8:47,8:55,Light,4,73.8,,,
20191029,BLANK1,BLANK1,9,6,Run1,NA,Blank,Blank,0.62,NA,8:47,8:55,Light,4,73.8,,,
20191029,Apul-234,Apul-234,10,7,Run1,Genotypes,Apul,Coral,0.604,45.50987132,8:47,8:55,Light,4,73.8,,,
20191029,Apul-218,Apul-218,4,1,Run1,Genotypes,Apul,Coral,0.61,28.08507061,8:57,9:10,Light,5,125.3,,,
20191029,Apul-237,Apul-237,5,2,Run1,Genotypes,Apul,Coral,0.616,35.78640228,8:57,9:10,Light,5,125.3,,,
20191029,Apul-227,Apul-227,8,5,Run1,Genotypes,Apul,Coral,0.602,18.53369837,8:57,9:10,Light,5,125.3,,,
20191029,BLANK1,BLANK1,9,6,Run1,NA,Blank,Blank,0.62,NA,8:57,9:10,Light,5,125.3,,,
20191029,Apul-234,Apul-234,10,7,Run1,Genotypes,Apul,Coral,0.604,45.50987132,8:57,9:10,Light,5,125.3,,,
20191029,Apul-218,Apul-218,4,1,Run1,Genotypes,Apul,Coral,0.61,28.08507061,9:12,9:21,Light,6,179.7,,,
20191029,Apul-237,Apul-237,5,2,Run1,Genotypes,Apul,Coral,0.616,35.78640228,9:12,9:21,Light,6,179.7,,,
20191029,Apul-227,Apul-227,8,5,Run1,Genotypes,Apul,Coral,0.602,18.53369837,9:12,9:21,Light,6,179.7,,,
20191029,BLANK1,BLANK1,9,6,Run1,NA,Blank,Blank,0.62,NA,9:12,9:21,Light,6,179.7,,,
20191029,Apul-234,Apul-234,10,7,Run1,Genotypes,Apul,Coral,0.604,45.50987132,9:12,9:21,Light,6,179.7,,,
20191029,Apul-218,Apul-218,4,1,Run1,Genotypes,Apul,Coral,0.61,28.08507061,9:23,9:32,Light,7,341.5,,,
20191029,Apul-237,Apul-237,5,2,Run1,Genotypes,Apul,Coral,0.616,35.78640228,9:23,9:32,Light,7,341.5,,,
20191029,Apul-227,Apul-227,8,5,Run1,Genotypes,Apul,Coral,0.602,18.53369837,9:23,9:32,Light,7,341.5,,,
20191029,BLANK1,BLANK1,9,6,Run1,NA,Blank,Blank,0.62,NA,9:23,9:32,Light,7,341.5,,,
20191029,Apul-234,Apul-234,10,7,Run1,Genotypes,Apul,Coral,0.604,45.50987132,9:23,9:32,Light,7,341.5,,,
20191029,Apul-218,Apul-218,4,1,Run1,Genotypes,Apul,Coral,0.61,28.08507061,9:34,9:43,Light,8,538.8,,,
20191029,Apul-237,Apul-237,5,2,Run1,Genotypes,Apul,Coral,0.616,35.78640228,9:34,9:43,Light,8,538.8,,,
20191029,Apul-227,Apul-227,8,5,Run1,Genotypes,Apul,Coral,0.602,18.53369837,9:34,9:43,Light,8,538.8,,,
20191029,BLANK1,BLANK1,9,6,Run1,NA,Blank,Blank,0.62,NA,9:34,9:43,Light,8,538.8,,,
20191029,Apul-234,Apul-234,10,7,Run1,Genotypes,Apul,Coral,0.604,45.50987132,9:34,9:43,Light,8,538.8,,,
20191029,Apul-218,Apul-218,4,1,Run1,Genotypes,Apul,Coral,0.61,28.08507061,9:47,9:56,Light,9,688.5,,,
20191029,Apul-237,Apul-237,5,2,Run1,Genotypes,Apul,Coral,0.616,35.78640228,9:47,9:56,Light,9,688.5,,,
20191029,Apul-227,Apul-227,8,5,Run1,Genotypes,Apul,Coral,0.602,18.53369837,9:47,9:56,Light,9,688.5,,,
20191029,BLANK1,BLANK1,9,6,Run1,NA,Blank,Blank,0.62,NA,9:47,9:56,Light,9,688.5,,,
20191029,Apul-234,Apul-234,10,7,Run1,Genotypes,Apul,Coral,0.604,45.50987132,9:47,9:56,Light,9,688.5,,,
20191029,Apul-218,Apul-218,4,1,Run1,Genotypes,Apul,Coral,0.61,28.08507061,9:58,10:08,Light,10,929.7,,,
20191029,Apul-237,Apul-237,5,2,Run1,Genotypes,Apul,Coral,0.616,35.78640228,9:58,10:08,Light,10,929.7,,,
20191029,Apul-227,Apul-227,8,5,Run1,Genotypes,Apul,Coral,0.602,18.53369837,9:58,10:08,Light,10,929.7,,,
20191029,BLANK1,BLANK1,9,6,Run1,NA,Blank,Blank,0.62,NA,9:58,10:08,Light,10,929.7,,,
20191029,Apul-234,Apul-234,10,7,Run1,Genotypes,Apul,Coral,0.604,45.50987132,9:58,10:08,Light,10,929.7,,,
20191029,Apul-218,Apul-218,4,1,Run1,Genotypes,Apul,Coral,0.61,28.08507061,10:10,10:21,Light,11,1160.5,,,
20191029,Apul-237,Apul-237,5,2,Run1,Genotypes,Apul,Coral,0.616,35.78640228,10:10,10:21,Light,11,1160.5,,,
20191029,Apul-227,Apul-227,8,5,Run1,Genotypes,Apul,Coral,0.602,18.53369837,10:10,10:21,Light,11,1160.5,,,
20191029,BLANK1,BLANK1,9,6,Run1,NA,Blank,Blank,0.62,NA,10:10,10:21,Light,11,1160.5,,,
20191029,Apul-234,Apul-234,10,7,Run1,Genotypes,Apul,Coral,0.604,45.50987132,10:10,10:21,Light,11,1160.5,,,
20191029,Apul-218,Apul-218,4,1,Run1,Genotypes,Apul,Coral,0.61,28.08507061,10:23,10:35,Light,12,1286,,,
20191029,Apul-237,Apul-237,5,2,Run1,Genotypes,Apul,Coral,0.616,35.78640228,10:23,10:35,Light,12,1286,,,
20191029,Apul-227,Apul-227,8,5,Run1,Genotypes,Apul,Coral,0.602,18.53369837,10:23,10:35,Light,12,1286,,,
20191029,BLANK1,BLANK1,9,6,Run1,NA,Blank,Blank,0.62,NA,10:23,10:35,Light,12,1286,,,
20191029,Apul-234,Apul-234,10,7,Run1,Genotypes,Apul,Coral,0.604,45.50987132,10:23,10:35,Light,12,1286,,,
20191029,Apul-247,Apul-247,4,1,Run2,Genotypes,Apul,Coral,0.618,57.47059872,11:28,11:41,Dark,1,0,,,
20191029,Apul-267,Apul-267,5,2,Run2,Genotypes,Apul,Coral,0.612,86.51193323,11:28,11:41,Dark,1,0,,,
20191029,Apul-246,Apul-246,7,5,Run2,Genotypes,Apul,Coral,0.612,41.55164499,11:28,11:41,Dark,1,0,,,
20191029,Apul-231,Apul-231,8,6,Run2,Genotypes,Apul,Coral,0.61,38.88414463,11:28,11:41,Dark,1,0,,,
20191029,Apul-243,Apul-243,9,7,Run2,Genotypes,Apul,Coral,0.608,37.07712826,11:28,11:41,Dark,1,0,,,
20191029,Apul-244,Apul-244,10,8,Run2,Genotypes,Apul,Coral,0.602,36.43176527,11:28,11:41,Dark,1,0,,,
20191029,Apul-247,Apul-247,4,1,Run2,Genotypes,Apul,Coral,0.618,57.47059872,11:43,11:52,Light,2,27,,,
20191029,Apul-267,Apul-267,5,2,Run2,Genotypes,Apul,Coral,0.612,86.51193323,11:43,11:52,Light,2,27,,,
20191029,Apul-246,Apul-246,7,5,Run2,Genotypes,Apul,Coral,0.612,41.55164499,11:43,11:52,Light,2,27,,,
20191029,Apul-231,Apul-231,8,6,Run2,Genotypes,Apul,Coral,0.61,38.88414463,11:43,11:52,Light,2,27,,,
20191029,Apul-243,Apul-243,9,7,Run2,Genotypes,Apul,Coral,0.608,37.07712826,11:43,11:52,Light,2,27,,,
20191029,Apul-244,Apul-244,10,8,Run2,Genotypes,Apul,Coral,0.602,36.43176527,11:43,11:52,Light,2,27,,,
20191029,Apul-247,Apul-247,4,1,Run2,Genotypes,Apul,Coral,0.618,57.47059872,11:54,12:03,Light,3,47.5,,,
20191029,Apul-267,Apul-267,5,2,Run2,Genotypes,Apul,Coral,0.612,86.51193323,11:54,12:03,Light,3,47.5,,,
20191029,Apul-246,Apul-246,7,5,Run2,Genotypes,Apul,Coral,0.612,41.55164499,11:54,12:03,Light,3,47.5,,,
20191029,Apul-231,Apul-231,8,6,Run2,Genotypes,Apul,Coral,0.61,38.88414463,11:54,12:03,Light,3,47.5,,,
20191029,Apul-243,Apul-243,9,7,Run2,Genotypes,Apul,Coral,0.608,37.07712826,11:54,12:03,Light,3,47.5,,,
20191029,Apul-244,Apul-244,10,8,Run2,Genotypes,Apul,Coral,0.602,36.43176527,11:54,12:03,Light,3,47.5,,,
20191029,Apul-247,Apul-247,4,1,Run2,Genotypes,Apul,Coral,0.618,57.47059872,12:05,12:12,Light,4,73.8,,,
20191029,Apul-267,Apul-267,5,2,Run2,Genotypes,Apul,Coral,0.612,86.51193323,12:05,12:12,Light,4,73.8,,,
20191029,Apul-246,Apul-246,7,5,Run2,Genotypes,Apul,Coral,0.612,41.55164499,12:05,12:12,Light,4,73.8,,,
20191029,Apul-231,Apul-231,8,6,Run2,Genotypes,Apul,Coral,0.61,38.88414463,12:05,12:12,Light,4,73.8,,,
20191029,Apul-243,Apul-243,9,7,Run2,Genotypes,Apul,Coral,0.608,37.07712826,12:05,12:12,Light,4,73.8,,,
20191029,Apul-244,Apul-244,10,8,Run2,Genotypes,Apul,Coral,0.602,36.43176527,12:05,12:12,Light,4,73.8,,,
20191029,Apul-247,Apul-247,4,1,Run2,Genotypes,Apul,Coral,0.618,57.47059872,12:15,12:25,Light,5,125.3,,,
20191029,Apul-267,Apul-267,5,2,Run2,Genotypes,Apul,Coral,0.612,86.51193323,12:15,12:25,Light,5,125.3,,,
20191029,Apul-246,Apul-246,7,5,Run2,Genotypes,Apul,Coral,0.612,41.55164499,12:15,12:25,Light,5,125.3,,,
20191029,Apul-231,Apul-231,8,6,Run2,Genotypes,Apul,Coral,0.61,38.88414463,12:15,12:25,Light,5,125.3,,,
20191029,Apul-243,Apul-243,9,7,Run2,Genotypes,Apul,Coral,0.608,37.07712826,12:15,12:25,Light,5,125.3,,,
20191029,Apul-244,Apul-244,10,8,Run2,Genotypes,Apul,Coral,0.602,36.43176527,12:15,12:25,Light,5,125.3,,,
20191029,Apul-247,Apul-247,4,1,Run2,Genotypes,Apul,Coral,0.618,57.47059872,12:27,12:36,Light,6,179.7,,,
20191029,Apul-267,Apul-267,5,2,Run2,Genotypes,Apul,Coral,0.612,86.51193323,12:27,12:36,Light,6,179.7,,,
20191029,Apul-246,Apul-246,7,5,Run2,Genotypes,Apul,Coral,0.612,41.55164499,12:27,12:36,Light,6,179.7,,,
20191029,Apul-231,Apul-231,8,6,Run2,Genotypes,Apul,Coral,0.61,38.88414463,12:27,12:36,Light,6,179.7,,,
20191029,Apul-243,Apul-243,9,7,Run2,Genotypes,Apul,Coral,0.608,37.07712826,12:27,12:36,Light,6,179.7,,,
20191029,Apul-244,Apul-244,10,8,Run2,Genotypes,Apul,Coral,0.602,36.43176527,12:27,12:36,Light,6,179.7,,,
20191029,Apul-247,Apul-247,4,1,Run2,Genotypes,Apul,Coral,0.618,57.47059872,12:38,12:48,Light,7,341.5,,,
20191029,Apul-267,Apul-267,5,2,Run2,Genotypes,Apul,Coral,0.612,86.51193323,12:38,12:48,Light,7,341.5,,,
20191029,Apul-246,Apul-246,7,5,Run2,Genotypes,Apul,Coral,0.612,41.55164499,12:38,12:48,Light,7,341.5,,,
20191029,Apul-231,Apul-231,8,6,Run2,Genotypes,Apul,Coral,0.61,38.88414463,12:38,12:48,Light,7,341.5,,,
20191029,Apul-243,Apul-243,9,7,Run2,Genotypes,Apul,Coral,0.608,37.07712826,12:38,12:48,Light,7,341.5,,,
20191029,Apul-244,Apul-244,10,8,Run2,Genotypes,Apul,Coral,0.602,36.43176527,12:38,12:48,Light,7,341.5,,,
20191029,Apul-247,Apul-247,4,1,Run2,Genotypes,Apul,Coral,0.618,57.47059872,12:50,13:00,Light,8,538.8,,,
20191029,Apul-267,Apul-267,5,2,Run2,Genotypes,Apul,Coral,0.612,86.51193323,12:50,13:00,Light,8,538.8,,,
20191029,Apul-246,Apul-246,7,5,Run2,Genotypes,Apul,Coral,0.612,41.55164499,12:50,13:00,Light,8,538.8,,,
20191029,Apul-231,Apul-231,8,6,Run2,Genotypes,Apul,Coral,0.61,38.88414463,12:50,13:00,Light,8,538.8,,,
20191029,Apul-243,Apul-243,9,7,Run2,Genotypes,Apul,Coral,0.608,37.07712826,12:50,13:00,Light,8,538.8,,,
20191029,Apul-244,Apul-244,10,8,Run2,Genotypes,Apul,Coral,0.602,36.43176527,12:50,13:00,Light,8,538.8,,,
20191029,Apul-247,Apul-247,4,1,Run2,Genotypes,Apul,Coral,0.618,57.47059872,13:03,13:11,Light,9,688.5,,,
20191029,Apul-267,Apul-267,5,2,Run2,Genotypes,Apul,Coral,0.612,86.51193323,13:03,13:11,Light,9,688.5,,,
20191029,Apul-246,Apul-246,7,5,Run2,Genotypes,Apul,Coral,0.612,41.55164499,13:03,13:11,Light,9,688.5,,,
20191029,Apul-231,Apul-231,8,6,Run2,Genotypes,Apul,Coral,0.61,38.88414463,13:03,13:11,Light,9,688.5,,,
20191029,Apul-243,Apul-243,9,7,Run2,Genotypes,Apul,Coral,0.608,37.07712826,13:03,13:11,Light,9,688.5,,,
20191029,Apul-244,Apul-244,10,8,Run2,Genotypes,Apul,Coral,0.602,36.43176527,13:03,13:11,Light,9,688.5,,,
20191029,Apul-247,Apul-247,4,1,Run2,Genotypes,Apul,Coral,0.618,57.47059872,13:13,13:22,Light,10,929.7,,,
20191029,Apul-267,Apul-267,5,2,Run2,Genotypes,Apul,Coral,0.612,86.51193323,13:13,13:22,Light,10,929.7,,,
20191029,Apul-246,Apul-246,7,5,Run2,Genotypes,Apul,Coral,0.612,41.55164499,13:13,13:22,Light,10,929.7,,,
20191029,Apul-231,Apul-231,8,6,Run2,Genotypes,Apul,Coral,0.61,38.88414463,13:13,13:22,Light,10,929.7,,,
20191029,Apul-243,Apul-243,9,7,Run2,Genotypes,Apul,Coral,0.608,37.07712826,13:13,13:22,Light,10,929.7,,,
20191029,Apul-244,Apul-244,10,8,Run2,Genotypes,Apul,Coral,0.602,36.43176527,13:13,13:22,Light,10,929.7,,,
20191029,Apul-247,Apul-247,4,1,Run2,Genotypes,Apul,Coral,0.618,57.47059872,13:25,13:37,Light,11,1160.5,,,
20191029,Apul-267,Apul-267,5,2,Run2,Genotypes,Apul,Coral,0.612,86.51193323,13:25,13:37,Light,11,1160.5,,,
20191029,Apul-246,Apul-246,7,5,Run2,Genotypes,Apul,Coral,0.612,41.55164499,13:25,13:37,Light,11,1160.5,,,
20191029,Apul-231,Apul-231,8,6,Run2,Genotypes,Apul,Coral,0.61,38.88414463,13:25,13:37,Light,11,1160.5,,,
20191029,Apul-243,Apul-243,9,7,Run2,Genotypes,Apul,Coral,0.608,37.07712826,13:25,13:37,Light,11,1160.5,,,
20191029,Apul-244,Apul-244,10,8,Run2,Genotypes,Apul,Coral,0.602,36.43176527,13:25,13:37,Light,11,1160.5,,,
20191029,Apul-247,Apul-247,4,1,Run2,Genotypes,Apul,Coral,0.618,57.47059872,13:38,13:48,Light,12,1286,,,
20191029,Apul-267,Apul-267,5,2,Run2,Genotypes,Apul,Coral,0.612,86.51193323,13:38,13:48,Light,12,1286,,,
20191029,Apul-246,Apul-246,7,5,Run2,Genotypes,Apul,Coral,0.612,41.55164499,13:38,13:48,Light,12,1286,,,
20191029,Apul-231,Apul-231,8,6,Run2,Genotypes,Apul,Coral,0.61,38.88414463,13:38,13:48,Light,12,1286,,,
20191029,Apul-243,Apul-243,9,7,Run2,Genotypes,Apul,Coral,0.608,37.07712826,13:38,13:48,Light,12,1286,,,
20191029,Apul-244,Apul-244,10,8,Run2,Genotypes,Apul,Coral,0.602,36.43176527,13:38,13:48,Light,12,1286,,,